Year,Quarter,Total_Intake,Total_Transfers,Total_Discharges,Avg_CBP_Custody,Avg_HHS_Care,Pipeline_Throughput,Net_Flow
2023,1,4612.0,6312.0,12414.0,179.6304347826087,7783.45652173913,2.691673894189072,-7802.0
2023,2,7649.0,10005.0,15953.0,205.3968253968254,7421.3015873015875,2.0856321087723884,-8304.0
2023,3,8803.0,11455.0,17423.0,257.0833333333333,8894.55,1.9792116323980462,-8620.0
2023,4,5992.0,8352.0,20454.0,155.40983606557376,10317.098360655738,3.413551401869159,-14462.0
2024,1,9991.0,14391.0,17447.0,306.8253968253968,8527.984126984127,1.7462716444800321,-7456.0
2024,2,10293.0,15254.0,13721.0,312.90625,7303.921875,1.3330418731176528,-3428.0
2024,3,8002.0,11212.0,10664.0,234.82258064516128,6174.0161290322585,1.3326668332916771,-2662.0
2024,4,8880.0,11695.0,9857.0,251.41935483870967,6133.548387096775,1.1100225225225224,-977.0
2025,1,1792.0,2281.0,4799.0,45.3968253968254,3337.6349206349205,2.678013392857143,-3007.0
2025,2,529.0,620.0,689.0,25.637931034482758,2378.9310344827586,1.3024574669187146,-160.0
2025,3,381.0,495.0,887.0,25.285714285714285,2091.5238095238096,2.3280839895013123,-506.0
2025,4,413.0,569.0,545.0,35.0,2322.2363636363634,1.3196125907990315,-132.0
