Month_Period,CBP_Intake,CBP_Transfers,HHS_Discharges,CBP_Custody_Total,HHS_Care_Total,CBP_Custody_Avg,HHS_Care_Avg,Reporting_Days,Transfer_Efficiency,Discharge_Effectiveness,Pipeline_Throughput,Net_Pipeline_Flow,Backlog_Accumulation_Rate,Intake_MoM_%,Transfers_MoM_%,Discharges_MoM_%,CBP_Custody_MoM_%,HHS_Care_MoM_%
2023-01,247.0,276.0,1856.0,351.0,58957,43.875,7369.625,8,0.7863247863247863,0.03148057058534186,7.51417004048583,-1609.0,0.0,,,,,
2023-02,1886.0,2637.0,5183.0,3255.0,148120,171.31578947368422,7795.789473684211,19,0.8101382488479263,0.034991898460707535,2.7481442205726405,-3297.0,0.0,663.5627530364372,855.4347826086957,179.25646551724137,290.4633378317589,5.782715859819332
2023-03,2479.0,3399.0,5375.0,4657.0,150962,245.10526315789474,7945.368421052632,19,0.7298690143869444,0.03560498668539103,2.1682129891085116,-2896.0,0.0,31.44220572640508,28.89647326507394,3.7044182905653145,43.0721966205837,1.9187145557655993
2023-04,3129.0,3967.0,5668.0,5254.0,164696,250.1904761904762,7842.666666666667,21,0.7550437761705368,0.03441492203817943,1.8114413550655162,-2539.0,0.0,26.22025010084712,16.710797293321566,5.451162790697683,2.074705768070606,-1.2925990205040483
2023-05,2746.0,3622.0,6256.0,4773.0,180117,216.95454545454547,8187.136363636364,22,0.7588518751309449,0.03473297911912812,2.2782228696285505,-3510.0,0.0,-12.240332374560559,-8.696748172422486,10.374029640084693,-13.284250960307297,4.392252171493927
2023-06,1774.0,2416.0,4029.0,2913.0,122729,145.65,6136.45,20,0.8293855132166151,0.032828426859177536,2.2711386696730553,-2255.0,0.0,-35.39694100509833,-33.296521258972945,-35.597826086956516,-32.86612193588938,-25.04766346319337
2023-07,2858.0,3897.0,4407.0,5151.0,143390,245.28571428571428,6828.0952380952385,21,0.7565521258008153,0.03073436083408885,1.5419874037788663,-1549.0,0.0,61.104847801578345,61.29966887417218,9.381980640357401,68.40763081751753,11.271097101666893
2023-08,2751.0,3587.0,6470.0,4744.0,186958,237.2,9347.9,20,0.7561129848229342,0.03460670310978937,2.351872046528535,-3719.0,0.0,-3.7438768369489117,-7.954837054144215,46.81189017472202,-3.296447291788007,36.903480019527144
2023-09,3194.0,3971.0,6546.0,5530.0,203325,291.05263157894734,10701.315789473685,19,0.7180831826401447,0.03219476208041313,2.0494677520350657,-3352.0,0.0,16.103235187204646,10.705324783942016,1.174652241112839,22.703470311529237,14.478286989309751
2023-10,1486.0,2049.0,7658.0,2264.0,224517,102.9090909090909,10205.318181818182,22,0.9050353356890459,0.03410877572745048,5.15343203230148,-6172.0,0.0,-53.475266123982465,-48.40090657265173,16.987473266116716,-64.64244616143351,-4.6349216994735265
2023-11,2299.0,3198.0,5992.0,3670.0,194522,183.5,9726.1,20,0.8713896457765667,0.03080371371875675,2.606350587211831,-3693.0,0.0,54.71063257065949,56.0761346998536,-21.755027422303474,78.31272084805654,-4.695769139976036
2023-12,2207.0,3105.0,6804.0,3546.0,210304,186.6315789473684,11068.631578947368,19,0.8756345177664975,0.03235316494217894,3.082917988219302,-4597.0,0.0,-4.001739886907352,-2.908067542213888,13.551401869158886,1.7065825326258333,13.803390659641245
2024-01,2097.0,2850.0,6496.0,3753.0,194723,170.5909090909091,8851.045454545454,22,0.759392486011191,0.033360209117567007,3.0977587029089175,-4399.0,0.0,-4.984141368373363,-8.212560386473433,-4.526748971193417,-8.594831564374704,-20.03487159713385
2024-02,4517.0,6332.0,5273.0,8832.0,166504,441.6,8325.2,20,0.7169384057971014,0.03166890885504252,1.1673677219393404,-756.0,0.0,115.40295660467335,122.17543859649123,-18.826970443349754,158.8649080735412,-5.9410547290253195
2024-03,3377.0,5209.0,5678.0,6745.0,176036,321.1904761904762,8382.666666666666,21,0.7722757598220904,0.03225476607057647,1.6813740005922417,-2301.0,0.0,-25.23798981624973,-17.735312697409977,7.680637208420249,-27.266649413388542,0.6902737071381448
2024-04,3424.0,5178.0,4474.0,6802.0,154597,309.1818181818182,7027.136363636364,22,0.7612466921493678,0.028939759503741988,1.3066588785046729,-1050.0,0.0,1.3917678412792345,-0.5951238241505119,-21.204649524480445,-3.738796414852752,-16.170633486125762
2024-05,3493.0,5194.0,4336.0,7261.0,157296,345.76190476190476,7490.285714285715,21,0.7153284671532847,0.027565863086156037,1.2413398225021472,-843.0,0.0,2.0151869158878455,0.30899961375048246,-3.084488153777376,11.831254112935973,6.590868978237419
2024-06,3376.0,4882.0,4911.0,5963.0,155558,283.95238095238096,7407.523809523809,21,0.8187154117055173,0.031570218182285704,1.4546800947867298,-1535.0,0.0,-3.3495562553678804,-6.006931074316524,13.261070110701102,-17.87632557498967,-1.1049232021157707
2024-07,2563.0,3679.0,3899.0,4461.0,132013,212.42857142857142,6286.333333333333,21,0.8247029813943062,0.029534970040829313,1.5212641435817402,-1336.0,0.0,-24.08175355450237,-24.641540352314628,-20.60680105884749,-25.188663424450787,-15.135833579758028
2024-08,2656.0,3546.0,3073.0,4835.0,114081,254.47368421052633,6004.263157894737,19,0.7334022750775595,0.02693700090286726,1.1570030120481927,-417.0,0.0,3.6285602809208006,-3.615112802391951,-21.184919210053867,19.792588397692292,-4.48703815852266
2024-09,2783.0,3987.0,3692.0,5263.0,136695,239.22727272727272,6213.409090909091,22,0.7575527265817975,0.02700903471231574,1.3266259432267338,-909.0,0.0,4.781626506024095,12.436548223350252,20.14318255776115,-5.991350944815277,3.4832905806161607
2024-10,2736.0,3886.0,3194.0,5112.0,126690,243.42857142857142,6032.857142857143,21,0.7601721439749609,0.02521114531533665,1.1673976608187135,-458.0,0.0,-1.688825008983108,-2.5332330072736386,-13.488624052004338,1.7561955430091425,-2.905843562048982
2024-11,2664.0,3414.0,3001.0,4498.0,112379,236.73684210526315,5914.684210526316,19,0.7590040017785683,0.026704277489566556,1.1265015015015014,-337.0,0.0,-2.631578947368418,-12.146165723108593,-6.042579837194739,-2.7489498393871936,-1.958821989855053
2024-12,3480.0,4395.0,3662.0,5978.0,141211,271.72727272727275,6418.681818181818,22,0.7351957176313149,0.025932823930147085,1.0522988505747126,-182.0,0.0,30.630630630630627,28.734622144112485,22.025991336221253,14.780306398803521,8.521124538796876
2025-01,1311.0,1750.0,3330.0,1957.0,109804,88.95454545454545,4991.090909090909,22,0.8942258559018906,0.03032676405231139,2.540045766590389,-2019.0,0.0,-62.327586206896555,-60.18202502844141,-9.066084107045336,-67.2632987621278,-22.24118517679218
2025-02,312.0,341.0,1160.0,431.0,52849,22.68421052631579,2781.5263157894738,19,0.7911832946635731,0.021949327328804707,3.717948717948718,-848.0,0.0,-76.20137299771167,-80.51428571428572,-65.16516516516518,-74.49909905064143,-44.27017326566571
2025-03,169.0,190.0,309.0,472.0,47618,21.454545454545453,2164.4545454545455,22,0.4025423728813559,0.006489142761140745,1.8284023668639053,-140.0,0.0,-45.833333333333336,-44.281524926686224,-73.36206896551725,-5.420797300147662,-22.184646135903495
2025-04,189.0,230.0,203.0,572.0,52282,24.869565217391305,2273.1304347826085,23,0.4020979020979021,0.00388278948777782,1.0740740740740742,-14.0,0.0,11.834319526627212,21.052631578947366,-34.3042071197411,15.917464996315411,5.0209365475605505
2025-05,217.0,252.0,205.0,591.0,43325,32.833333333333336,2406.9444444444443,18,0.4263959390862944,0.004731679169070975,0.9447004608294931,12.0,0.055299539170506916,14.814814814814813,9.565217391304337,0.9852216748768461,32.022144522144536,5.886772162928389
2025-06,123.0,138.0,281.0,324.0,42371,19.058823529411764,2492.4117647058824,17,0.42592592592592593,0.006631894456113852,2.2845528455284554,-158.0,0.0,-43.31797235023041,-45.238095238095234,37.07317073170733,-41.95282173783219,3.55086385390857
2025-07,70.0,88.0,396.0,293.0,45931,13.952380952380953,2187.190476190476,21,0.3003412969283277,0.008621628094315386,5.6571428571428575,-326.0,0.0,-43.08943089430895,-36.23188405797102,40.92526690391458,-26.793062904174015,-12.246021818606845
2025-08,107.0,147.0,254.0,512.0,40026,25.6,2001.3,20,0.287109375,0.006345875181132264,2.3738317757009346,-147.0,0.0,52.85714285714285,67.04545454545455,-35.858585858585855,83.48122866894198,-8.49905292721691
2025-09,204.0,260.0,237.0,788.0,45809,35.81818181818182,2082.2272727272725,22,0.3299492385786802,0.005173655831823441,1.161764705882353,-33.0,0.0,90.65420560747664,76.87074829931973,-6.69291338582677,39.91477272727273,4.043735208478116
2025-10,168.0,263.0,242.0,721.0,46852,34.333333333333336,2231.0476190476193,21,0.3647711511789182,0.005165201058652779,1.4404761904761905,-74.0,0.0,-17.647058823529417,1.1538461538461497,2.1097046413502074,-4.145516074450084,7.1471711214993405
2025-11,129.0,182.0,159.0,661.0,44192,34.78947368421053,2325.8947368421054,19,0.2753403933434191,0.003597936278059377,1.2325581395348837,-30.0,0.0,-23.214285714285708,-30.798479087452467,-34.29752066115702,1.3285641287685168,4.251236817391391
2025-12,116.0,124.0,144.0,543.0,36679,36.2,2445.266666666667,15,0.2283609576427256,0.003925952179721366,1.2413793103448276,-28.0,0.0,-10.077519379844958,-31.868131868131865,-9.433962264150942,4.054462934947045,5.132301472363032
